start_date,end_date,ADM1_FR,cases,deaths,total_precipitation_sum,skin_temperature,Pop_Density,Water_Bodies,Poverty,Percentage_Children_under_5,Percentage_Adults_over_50,Percentage_Pregnant_Women,Shape_Leng,Shape_Area,Avg_HH_size,Hazards,Conflicts,Insufficient_WASH,Pop_HCFs,FOSA/1000_hab.
2021-10-29,2021-11-01,Adamaoua,0,0,0.0003577436862023,297.087976590721,8.76871579031521,0.00286625344846118,0.3658813275226282,16.95283501855881,8.20069115576603,4.143478817355689,15.1514241815,5.23554035707,8.53,3.85,5.1,22.28,0.383877159,0.13
2021-11-02,2021-11-11,Adamaoua,0,0,0.00203415969933,297.38679888838993,8.76871579031521,0.00286625344846118,0.3658813275226282,16.95283501855881,8.20069115576603,4.143478817355689,15.1514241815,5.23554035707,8.53,3.85,5.1,22.28,0.383877159,0.13
2021-11-12,2021-12-27,Adamaoua,0,0,7.492694715263572e-05,298.16835624795885,8.76871579031521,0.00286625344846118,0.3658813275226282,16.95283501855881,8.20069115576603,4.143478817355689,15.1514241815,5.23554035707,8.53,3.85,5.1,22.28,0.383877159,0.13
2021-12-28,2022-01-04,Adamaoua,0,0,1.5287612911744985e-06,298.1335963077043,8.76871579031521,0.00286625344846118,0.3658813275226282,16.95283501855881,8.20069115576603,4.143478817355689,15.1514241815,5.23554035707,8.53,3.85,5.1,22.28,0.383877159,0.13
2022-01-17,2022-01-30,Adamaoua,0,0,1.224252741818895e-06,297.72865720425443,8.76871579031521,0.00286625344846118,0.3658813275226282,16.95283501855881,8.20069115576603,4.143478817355689,15.1514241815,5.23554035707,8.53,3.85,5.1,22.28,0.383877159,0.13
2022-02-14,2022-02-20,Adamaoua,0,0,7.159389688665916e-07,300.1817240626252,8.76871579031521,0.00286625344846118,0.3658813275226282,16.95283501855881,8.20069115576603,4.143478817355689,15.1514241815,5.23554035707,8.53,3.85,5.1,22.28,0.383877159,0.13
2022-03-04,2022-03-10,Adamaoua,0,0,0.0003682100325599,301.9135756898156,8.76871579031521,0.00286625344846118,0.3658813275226282,16.95283501855881,8.20069115576603,4.143478817355689,15.1514241815,5.23554035707,8.53,3.85,5.1,22.28,0.383877159,0.13
2022-03-11,2022-03-20,Adamaoua,0,0,1.0358836149582222e-05,301.6766215349469,8.76871579031521,0.00286625344846118,0.3658813275226282,16.95283501855881,8.20069115576603,4.143478817355689,15.1514241815,5.23554035707,8.53,3.85,5.1,22.28,0.383877159,0.13
2022-03-21,2022-03-27,Adamaoua,0,0,4.44977816405629e-05,301.90265932641074,8.76871579031521,0.00286625344846118,0.3658813275226282,16.95283501855881,8.20069115576603,4.143478817355689,15.1514241815,5.23554035707,8.53,3.85,5.1,22.28,0.383877159,0.13
2022-03-28,2022-04-03,Adamaoua,0,0,4.569809032532087e-06,302.05408802702743,8.76871579031521,0.00286625344846118,0.3658813275226282,16.95283501855881,8.20069115576603,4.143478817355689,15.1514241815,5.23554035707,8.53,3.85,5.1,22.28,0.383877159,0.13
2022-04-04,2022-04-13,Adamaoua,0,0,0.0055664053601406,299.93718662931053,8.76871579031521,0.00286625344846118,0.3658813275226282,16.95283501855881,8.20069115576603,4.143478817355689,15.1514241815,5.23554035707,8.53,3.85,5.1,22.28,0.383877159,0.13
2022-04-14,2022-04-30,Adamaoua,0,0,0.0062574303999733,298.202205244501,8.76871579031521,0.00286625344846118,0.3658813275226282,16.95283501855881,8.20069115576603,4.143478817355689,15.1514241815,5.23554035707,8.53,3.85,5.1,22.28,0.383877159,0.13
2022-05-01,2022-05-13,Adamaoua,0,0,0.0052646845082192,298.4896678766661,8.76871579031521,0.00286625344846118,0.3658813275226282,16.95283501855881,8.20069115576603,4.143478817355689,15.1514241815,5.23554035707,8.53,3.85,5.1,22.28,0.383877159,0.13
2022-05-14,2022-05-22,Adamaoua,0,0,0.0115456945811966,297.12085641706346,8.76871579031521,0.00286625344846118,0.3658813275226282,16.95283501855881,8.20069115576603,4.143478817355689,15.1514241815,5.23554035707,8.53,3.85,5.1,22.28,0.383877159,0.13
2022-05-23,2022-06-06,Adamaoua,0,0,0.0065501712324855,296.6604845946667,8.76871579031521,0.00286625344846118,0.3658813275226282,16.95283501855881,8.20069115576603,4.143478817355689,15.1514241815,5.23554035707,8.53,3.85,5.1,22.28,0.383877159,0.13
2022-06-07,2022-06-20,Adamaoua,0,0,0.0069290654930232,295.70718510388497,8.76871579031521,0.00286625344846118,0.3658813275226282,16.95283501855881,8.20069115576603,4.143478817355689,15.1514241815,5.23554035707,8.53,3.85,5.1,22.28,0.383877159,0.13
2022-07-05,2022-07-17,Adamaoua,0,0,0.0080817479849778,295.2520026718216,8.76871579031521,0.00286625344846118,0.3658813275226282,16.95283501855881,8.20069115576603,4.143478817355689,15.1514241815,5.23554035707,8.53,3.85,5.1,22.28,0.383877159,0.13
2022-07-18,2022-07-28,Adamaoua,0,0,0.0111450024952498,294.4603400868539,8.76871579031521,0.00286625344846118,0.3658813275226282,16.95283501855881,8.20069115576603,4.143478817355689,15.1514241815,5.23554035707,8.53,3.85,5.1,22.28,0.383877159,0.13
2022-07-29,2022-08-10,Adamaoua,0,0,0.0112332489540183,294.8508134890737,8.76871579031521,0.00286625344846118,0.3658813275226282,16.95283501855881,8.20069115576603,4.143478817355689,15.1514241815,5.23554035707,8.53,3.85,5.1,22.28,0.383877159,0.13
2022-10-01,2022-10-20,Adamaoua,0,0,0.0081660916149017,295.70598063712936,8.76871579031521,0.00286625344846118,0.3658813275226282,16.95283501855881,8.20069115576603,4.143478817355689,15.1514241815,5.23554035707,8.53,3.85,5.1,22.28,0.383877159,0.13
2022-12-13,2022-12-27,Adamaoua,0,0,1.8123733791565708e-06,297.79132362311094,8.76871579031521,0.00286625344846118,0.3658813275226282,16.95283501855881,8.20069115576603,4.143478817355689,15.1514241815,5.23554035707,8.53,3.85,5.1,22.28,0.383877159,0.13
2023-01-04,2023-02-07,Adamaoua,0,0,1.0525950071578135e-06,299.22609665022026,8.76871579031521,0.00286625344846118,0.3658813275226282,16.95283501855881,8.20069115576603,4.143478817355689,15.1514241815,5.23554035707,8.53,3.85,5.1,22.28,0.383877159,0.13
2023-03-27,2023-04-14,Adamaoua,0,0,0.0012975561295007,300.3193034085619,8.76871579031521,0.00286625344846118,0.3658813275226282,16.95283501855881,8.20069115576603,4.143478817355689,15.1514241815,5.23554035707,8.53,3.85,5.1,22.28,0.383877159,0.13
2023-05-01,2023-05-07,Adamaoua,0,0,0.006891052959627,297.1712334012472,8.76871579031521,0.00286625344846118,0.3658813275226282,16.95283501855881,8.20069115576603,4.143478817355689,15.1514241815,5.23554035707,8.53,3.85,5.1,22.28,0.383877159,0.13
2023-05-07,2023-05-15,Adamaoua,0,0,0.0058454744471455,298.42324462787747,8.76871579031521,0.00286625344846118,0.3658813275226282,16.95283501855881,8.20069115576603,4.143478817355689,15.1514241815,5.23554035707,8.53,3.85,5.1,22.28,0.383877159,0.13
2023-05-16,2023-05-30,Adamaoua,0,0,0.0067057050278389,298.2603720756149,8.76871579031521,0.00286625344846118,0.3658813275226282,16.95283501855881,8.20069115576603,4.143478817355689,15.1514241815,5.23554035707,8.53,3.85,5.1,22.28,0.383877159,0.13
2023-05-31,2023-06-12,Adamaoua,0,0,0.0088923142858754,296.2568098348907,8.76871579031521,0.00286625344846118,0.3658813275226282,16.95283501855881,8.20069115576603,4.143478817355689,15.1514241815,5.23554035707,8.53,3.85,5.1,22.28,0.383877159,0.13
2023-06-13,2023-06-30,Adamaoua,0,0,0.015164256430011,295.45706959885194,8.76871579031521,0.00286625344846118,0.3658813275226282,16.95283501855881,8.20069115576603,4.143478817355689,15.1514241815,5.23554035707,8.53,3.85,5.1,22.28,0.383877159,0.13
2023-07-09,2023-07-16,Adamaoua,0,0,0.0077293305096894,295.931552649889,8.76871579031521,0.00286625344846118,0.3658813275226282,16.95283501855881,8.20069115576603,4.143478817355689,15.1514241815,5.23554035707,8.53,3.85,5.1,22.28,0.383877159,0.13
2023-07-16,2023-07-30,Adamaoua,0,0,0.0094450420527551,296.05887491034275,8.76871579031521,0.00286625344846118,0.3658813275226282,16.95283501855881,8.20069115576603,4.143478817355689,15.1514241815,5.23554035707,8.53,3.85,5.1,22.28,0.383877159,0.13
2021-10-29,2021-11-01,Centre,32,1,0.0052220309867107,297.1419906689681,10.548243160242183,0.0016644110254621263,0.3141091113610799,13.215558546596947,10.842472298264216,3.0215932257976306,16.1709608873,5.60156728799,7.87,3.55,6.6,22.02,0.116863387,0.33
2021-11-02,2021-11-11,Centre,15,0,0.0066142660087935,297.32097315900046,10.548243160242183,0.0016644110254621263,0.3141091113610799,13.215558546596947,10.842472298264216,3.0215932257976306,16.1709608873,5.60156728799,7.87,3.55,6.6,22.02,0.116863387,0.33
2021-11-12,2021-12-27,Centre,0,0,0.0015394312273962,298.2786219388516,10.548243160242183,0.0016644110254621263,0.3141091113610799,13.215558546596947,10.842472298264216,3.0215932257976306,16.1709608873,5.60156728799,7.87,3.55,6.6,22.02,0.116863387,0.33
2021-12-28,2022-01-04,Centre,0,0,0.0005452931652278,299.02751853531373,10.548243160242183,0.0016644110254621263,0.3141091113610799,13.215558546596947,10.842472298264216,3.0215932257976306,16.1709608873,5.60156728799,7.87,3.55,6.6,22.02,0.116863387,0.33
2022-01-17,2022-01-30,Centre,0,0,0.0001710882695563,299.6503807640792,10.548243160242183,0.0016644110254621263,0.3141091113610799,13.215558546596947,10.842472298264216,3.0215932257976306,16.1709608873,5.60156728799,7.87,3.55,6.6,22.02,0.116863387,0.33
2022-02-14,2022-02-20,Centre,0,0,0.0003957447278027,301.190661733333,10.548243160242183,0.0016644110254621263,0.3141091113610799,13.215558546596947,10.842472298264216,3.0215932257976306,16.1709608873,5.60156728799,7.87,3.55,6.6,22.02,0.116863387,0.33
2022-03-04,2022-03-10,Centre,6,0,0.0018784738897428,301.34934734010403,10.548243160242183,0.0016644110254621263,0.3141091113610799,13.215558546596947,10.842472298264216,3.0215932257976306,16.1709608873,5.60156728799,7.87,3.55,6.6,22.02,0.116863387,0.33
2022-03-11,2022-03-20,Centre,10,1,0.0016056117080974,300.98002532358345,10.548243160242183,0.0016644110254621263,0.3141091113610799,13.215558546596947,10.842472298264216,3.0215932257976306,16.1709608873,5.60156728799,7.87,3.55,6.6,22.02,0.116863387,0.33
2022-03-21,2022-03-27,Centre,3,0,0.0008356303474569,300.9986656447454,10.548243160242183,0.0016644110254621263,0.3141091113610799,13.215558546596947,10.842472298264216,3.0215932257976306,16.1709608873,5.60156728799,7.87,3.55,6.6,22.02,0.116863387,0.33
2022-03-28,2022-04-03,Centre,2,0,0.0007324665990003,301.5244273984523,10.548243160242183,0.0016644110254621263,0.3141091113610799,13.215558546596947,10.842472298264216,3.0215932257976306,16.1709608873,5.60156728799,7.87,3.55,6.6,22.02,0.116863387,0.33
2022-04-04,2022-04-13,Centre,3,0,0.0068858792703547,299.2461639106371,10.548243160242183,0.0016644110254621263,0.3141091113610799,13.215558546596947,10.842472298264216,3.0215932257976306,16.1709608873,5.60156728799,7.87,3.55,6.6,22.02,0.116863387,0.33
2022-04-14,2022-04-30,Centre,27,0,0.0071157961306506,298.1552708802256,10.548243160242183,0.0016644110254621263,0.3141091113610799,13.215558546596947,10.842472298264216,3.0215932257976306,16.1709608873,5.60156728799,7.87,3.55,6.6,22.02,0.116863387,0.33
2022-05-01,2022-05-13,Centre,0,0,0.0069493998730673,298.41452681390336,10.548243160242183,0.0016644110254621263,0.3141091113610799,13.215558546596947,10.842472298264216,3.0215932257976306,16.1709608873,5.60156728799,7.87,3.55,6.6,22.02,0.116863387,0.33
2022-05-14,2022-05-22,Centre,1,0,0.0111722399385686,297.39586054531185,10.548243160242183,0.0016644110254621263,0.3141091113610799,13.215558546596947,10.842472298264216,3.0215932257976306,16.1709608873,5.60156728799,7.87,3.55,6.6,22.02,0.116863387,0.33
2022-05-23,2022-06-06,Centre,36,0,0.0053446341618597,297.082973984914,10.548243160242183,0.0016644110254621263,0.3141091113610799,13.215558546596947,10.842472298264216,3.0215932257976306,16.1709608873,5.60156728799,7.87,3.55,6.6,22.02,0.116863387,0.33
2022-06-07,2022-06-20,Centre,5,0,0.0051568111104212,296.61418287383907,10.548243160242183,0.0016644110254621263,0.3141091113610799,13.215558546596947,10.842472298264216,3.0215932257976306,16.1709608873,5.60156728799,7.87,3.55,6.6,22.02,0.116863387,0.33
2022-07-05,2022-07-17,Centre,18,0,0.0032194169687849,296.6057286950205,10.548243160242183,0.0016644110254621263,0.3141091113610799,13.215558546596947,10.842472298264216,3.0215932257976306,16.1709608873,5.60156728799,7.87,3.55,6.6,22.02,0.116863387,0.33
2022-07-18,2022-07-28,Centre,18,0,0.0055650623975734,295.9454110018725,10.548243160242183,0.0016644110254621263,0.3141091113610799,13.215558546596947,10.842472298264216,3.0215932257976306,16.1709608873,5.60156728799,7.87,3.55,6.6,22.02,0.116863387,0.33
2022-07-29,2022-08-10,Centre,45,0,0.0032006264480413,296.5625664956199,10.548243160242183,0.0016644110254621263,0.3141091113610799,13.215558546596947,10.842472298264216,3.0215932257976306,16.1709608873,5.60156728799,7.87,3.55,6.6,22.02,0.116863387,0.33
2022-10-01,2022-10-20,Centre,16,1,0.008766804125945,296.2065055198234,10.548243160242183,0.0016644110254621263,0.3141091113610799,13.215558546596947,10.842472298264216,3.0215932257976306,16.1709608873,5.60156728799,7.87,3.55,6.6,22.02,0.116863387,0.33
2022-12-13,2022-12-27,Centre,36,1,0.000646008874648,298.6387199901233,10.548243160242183,0.0016644110254621263,0.3141091113610799,13.215558546596947,10.842472298264216,3.0215932257976306,16.1709608873,5.60156728799,7.87,3.55,6.6,22.02,0.116863387,0.33
2023-01-04,2023-02-07,Centre,35,3,0.0004382778538597,300.3258373931802,10.548243160242183,0.0016644110254621263,0.3141091113610799,13.215558546596947,10.842472298264216,3.0215932257976306,16.1709608873,5.60156728799,7.87,3.55,6.6,22.02,0.116863387,0.33
2023-03-27,2023-04-14,Centre,42,1,0.0030326311110969,299.4247224173588,10.548243160242183,0.0016644110254621263,0.3141091113610799,13.215558546596947,10.842472298264216,3.0215932257976306,16.1709608873,5.60156728799,7.87,3.55,6.6,22.02,0.116863387,0.33
2023-05-01,2023-05-07,Centre,354,21,0.0078144138186079,297.49678241119966,10.548243160242183,0.0016644110254621263,0.3141091113610799,13.215558546596947,10.842472298264216,3.0215932257976306,16.1709608873,5.60156728799,7.87,3.55,6.6,22.02,0.116863387,0.33
2023-05-07,2023-05-15,Centre,501,14,0.0047673602643414,298.9118611750105,10.548243160242183,0.0016644110254621263,0.3141091113610799,13.215558546596947,10.842472298264216,3.0215932257976306,16.1709608873,5.60156728799,7.87,3.55,6.6,22.02,0.116863387,0.33
2023-05-16,2023-05-30,Centre,1027,26,0.0032839802017422,298.8521627690165,10.548243160242183,0.0016644110254621263,0.3141091113610799,13.215558546596947,10.842472298264216,3.0215932257976306,16.1709608873,5.60156728799,7.87,3.55,6.6,22.02,0.116863387,0.33
2023-05-31,2023-06-12,Centre,619,17,0.0065197667883024,297.231463554781,10.548243160242183,0.0016644110254621263,0.3141091113610799,13.215558546596947,10.842472298264216,3.0215932257976306,16.1709608873,5.60156728799,7.87,3.55,6.6,22.02,0.116863387,0.33
2023-06-13,2023-06-30,Centre,364,8,0.0068009037707307,296.81907099124845,10.548243160242183,0.0016644110254621263,0.3141091113610799,13.215558546596947,10.842472298264216,3.0215932257976306,16.1709608873,5.60156728799,7.87,3.55,6.6,22.02,0.116863387,0.33
2023-07-09,2023-07-16,Centre,59,1,0.0043177268891773,297.20054277192503,10.548243160242183,0.0016644110254621263,0.3141091113610799,13.215558546596947,10.842472298264216,3.0215932257976306,16.1709608873,5.60156728799,7.87,3.55,6.6,22.02,0.116863387,0.33
2023-07-16,2023-07-30,Centre,61,1,0.0035885608239804,297.4702328693808,10.548243160242183,0.0016644110254621263,0.3141091113610799,13.215558546596947,10.842472298264216,3.0215932257976306,16.1709608873,5.60156728799,7.87,3.55,6.6,22.02,0.116863387,0.33
2021-10-29,2021-11-01,Est,0,0,0.0033349517749754,297.6815582357364,8.049692471682244,0.0003557574221719722,0.472673719376392,14.992450072550906,9.632598277170437,3.586970180068051,18.8264149758,8.95652008775,8.18,4.3,8.0,25.52,0.856164384,0.2
2021-11-02,2021-11-11,Est,0,0,0.005556580816354,297.407740640342,8.049692471682244,0.0003557574221719722,0.472673719376392,14.992450072550906,9.632598277170437,3.586970180068051,18.8264149758,8.95652008775,8.18,4.3,8.0,25.52,0.856164384,0.2
2021-11-12,2021-12-27,Est,0,0,0.0016656773721626,298.2942588015578,8.049692471682244,0.0003557574221719722,0.472673719376392,14.992450072550906,9.632598277170437,3.586970180068051,18.8264149758,8.95652008775,8.18,4.3,8.0,25.52,0.856164384,0.2
2021-12-28,2022-01-04,Est,0,0,0.0004360222711481,298.999229978433,8.049692471682244,0.0003557574221719722,0.472673719376392,14.992450072550906,9.632598277170437,3.586970180068051,18.8264149758,8.95652008775,8.18,4.3,8.0,25.52,0.856164384,0.2
2022-01-17,2022-01-30,Est,0,0,0.0002224839481875,299.18010686706907,8.049692471682244,0.0003557574221719722,0.472673719376392,14.992450072550906,9.632598277170437,3.586970180068051,18.8264149758,8.95652008775,8.18,4.3,8.0,25.52,0.856164384,0.2
2022-02-14,2022-02-20,Est,0,0,0.0001449758591642,300.6199976144521,8.049692471682244,0.0003557574221719722,0.472673719376392,14.992450072550906,9.632598277170437,3.586970180068051,18.8264149758,8.95652008775,8.18,4.3,8.0,25.52,0.856164384,0.2
2022-03-04,2022-03-10,Est,0,0,0.0014270606049379,300.9793559502052,8.049692471682244,0.0003557574221719722,0.472673719376392,14.992450072550906,9.632598277170437,3.586970180068051,18.8264149758,8.95652008775,8.18,4.3,8.0,25.52,0.856164384,0.2
2022-03-11,2022-03-20,Est,0,0,0.0015976537452968,300.68434492664187,8.049692471682244,0.0003557574221719722,0.472673719376392,14.992450072550906,9.632598277170437,3.586970180068051,18.8264149758,8.95652008775,8.18,4.3,8.0,25.52,0.856164384,0.2
2022-03-21,2022-03-27,Est,0,0,0.0005949992576135,300.41937550487125,8.049692471682244,0.0003557574221719722,0.472673719376392,14.992450072550906,9.632598277170437,3.586970180068051,18.8264149758,8.95652008775,8.18,4.3,8.0,25.52,0.856164384,0.2
2022-03-28,2022-04-03,Est,0,0,0.0023327557154713,300.7858720375061,8.049692471682244,0.0003557574221719722,0.472673719376392,14.992450072550906,9.632598277170437,3.586970180068051,18.8264149758,8.95652008775,8.18,4.3,8.0,25.52,0.856164384,0.2
2022-04-04,2022-04-13,Est,0,0,0.0042233970448854,299.2719582289328,8.049692471682244,0.0003557574221719722,0.472673719376392,14.992450072550906,9.632598277170437,3.586970180068051,18.8264149758,8.95652008775,8.18,4.3,8.0,25.52,0.856164384,0.2
2022-04-14,2022-04-30,Est,0,0,0.0056061979358388,297.9912409153698,8.049692471682244,0.0003557574221719722,0.472673719376392,14.992450072550906,9.632598277170437,3.586970180068051,18.8264149758,8.95652008775,8.18,4.3,8.0,25.52,0.856164384,0.2
2022-05-01,2022-05-13,Est,0,0,0.0038394542008792,298.6272111480546,8.049692471682244,0.0003557574221719722,0.472673719376392,14.992450072550906,9.632598277170437,3.586970180068051,18.8264149758,8.95652008775,8.18,4.3,8.0,25.52,0.856164384,0.2
2022-05-14,2022-05-22,Est,0,0,0.0071904541248086,297.7681321056663,8.049692471682244,0.0003557574221719722,0.472673719376392,14.992450072550906,9.632598277170437,3.586970180068051,18.8264149758,8.95652008775,8.18,4.3,8.0,25.52,0.856164384,0.2
2022-05-23,2022-06-06,Est,0,0,0.0043573201827416,297.2879460667754,8.049692471682244,0.0003557574221719722,0.472673719376392,14.992450072550906,9.632598277170437,3.586970180068051,18.8264149758,8.95652008775,8.18,4.3,8.0,25.52,0.856164384,0.2
2022-06-07,2022-06-20,Est,0,0,0.0039802099185798,296.8172331837035,8.049692471682244,0.0003557574221719722,0.472673719376392,14.992450072550906,9.632598277170437,3.586970180068051,18.8264149758,8.95652008775,8.18,4.3,8.0,25.52,0.856164384,0.2
2022-07-05,2022-07-17,Est,3,1,0.0019129981045355,297.0265724957545,8.049692471682244,0.0003557574221719722,0.472673719376392,14.992450072550906,9.632598277170437,3.586970180068051,18.8264149758,8.95652008775,8.18,4.3,8.0,25.52,0.856164384,0.2
2022-07-18,2022-07-28,Est,1,0,0.0050175411143811,296.36790299126505,8.049692471682244,0.0003557574221719722,0.472673719376392,14.992450072550906,9.632598277170437,3.586970180068051,18.8264149758,8.95652008775,8.18,4.3,8.0,25.52,0.856164384,0.2
2022-07-29,2022-08-10,Est,0,0,0.0020804102731653,297.04828318745655,8.049692471682244,0.0003557574221719722,0.472673719376392,14.992450072550906,9.632598277170437,3.586970180068051,18.8264149758,8.95652008775,8.18,4.3,8.0,25.52,0.856164384,0.2
2022-10-01,2022-10-20,Est,0,0,0.00774404477599,296.376498785737,8.049692471682244,0.0003557574221719722,0.472673719376392,14.992450072550906,9.632598277170437,3.586970180068051,18.8264149758,8.95652008775,8.18,4.3,8.0,25.52,0.856164384,0.2
2022-12-13,2022-12-27,Est,0,0,0.0004786430098781,298.16304712468855,8.049692471682244,0.0003557574221719722,0.472673719376392,14.992450072550906,9.632598277170437,3.586970180068051,18.8264149758,8.95652008775,8.18,4.3,8.0,25.52,0.856164384,0.2
2023-01-04,2023-02-07,Est,0,0,0.0001758134062927,299.82600290486664,8.049692471682244,0.0003557574221719722,0.472673719376392,14.992450072550906,9.632598277170437,3.586970180068051,18.8264149758,8.95652008775,8.18,4.3,8.0,25.52,0.856164384,0.2
2023-03-27,2023-04-14,Est,0,0,0.0041762620757348,298.68889502665826,8.049692471682244,0.0003557574221719722,0.472673719376392,14.992450072550906,9.632598277170437,3.586970180068051,18.8264149758,8.95652008775,8.18,4.3,8.0,25.52,0.856164384,0.2
2023-05-01,2023-05-07,Est,0,0,0.0061859880253721,297.3401072196687,8.049692471682244,0.0003557574221719722,0.472673719376392,14.992450072550906,9.632598277170437,3.586970180068051,18.8264149758,8.95652008775,8.18,4.3,8.0,25.52,0.856164384,0.2
2023-05-07,2023-05-15,Est,7,3,0.0032404373032417,298.50979120154506,8.049692471682244,0.0003557574221719722,0.472673719376392,14.992450072550906,9.632598277170437,3.586970180068051,18.8264149758,8.95652008775,8.18,4.3,8.0,25.52,0.856164384,0.2
2023-05-16,2023-05-30,Est,0,0,0.0025803174654851,298.78192614461955,8.049692471682244,0.0003557574221719722,0.472673719376392,14.992450072550906,9.632598277170437,3.586970180068051,18.8264149758,8.95652008775,8.18,4.3,8.0,25.52,0.856164384,0.2
2023-05-31,2023-06-12,Est,0,0,0.0064935151392258,297.37930744659167,8.049692471682244,0.0003557574221719722,0.472673719376392,14.992450072550906,9.632598277170437,3.586970180068051,18.8264149758,8.95652008775,8.18,4.3,8.0,25.52,0.856164384,0.2
2023-06-13,2023-06-30,Est,0,0,0.0054279324969197,297.07414447079657,8.049692471682244,0.0003557574221719722,0.472673719376392,14.992450072550906,9.632598277170437,3.586970180068051,18.8264149758,8.95652008775,8.18,4.3,8.0,25.52,0.856164384,0.2
2023-07-09,2023-07-16,Est,0,0,0.0031221214041083,297.5456122722412,8.049692471682244,0.0003557574221719722,0.472673719376392,14.992450072550906,9.632598277170437,3.586970180068051,18.8264149758,8.95652008775,8.18,4.3,8.0,25.52,0.856164384,0.2
2023-07-16,2023-07-30,Est,0,0,0.0037808404545205,297.84392034474024,8.049692471682244,0.0003557574221719722,0.472673719376392,14.992450072550906,9.632598277170437,3.586970180068051,18.8264149758,8.95652008775,8.18,4.3,8.0,25.52,0.856164384,0.2
2021-10-29,2021-11-01,Extrême-Nord,0,0,5.418361454024251e-07,304.5592156209566,12.757158946367836,0.007482719280585195,0.3559638167493434,19.608059990445494,7.576412301674623,4.763001483342891,13.2728603714,2.82686737022,8.11,5.55,10.0,20.9,6.289308176,0.09
2021-11-02,2021-11-11,Extrême-Nord,0,0,4.914294622732668e-06,305.0524696474757,12.757158946367836,0.007482719280585195,0.3559638167493434,19.608059990445494,7.576412301674623,4.763001483342891,13.2728603714,2.82686737022,8.11,5.55,10.0,20.9,6.289308176,0.09
2021-11-12,2021-12-27,Extrême-Nord,0,0,9.353727755802132e-07,301.81161478804336,12.757158946367836,0.007482719280585195,0.3559638167493434,19.608059990445494,7.576412301674623,4.763001483342891,13.2728603714,2.82686737022,8.11,5.55,10.0,20.9,6.289308176,0.09
2021-12-28,2022-01-04,Extrême-Nord,0,0,1.5268309588074253e-06,298.7196729431242,12.757158946367836,0.007482719280585195,0.3559638167493434,19.608059990445494,7.576412301674623,4.763001483342891,13.2728603714,2.82686737022,8.11,5.55,10.0,20.9,6.289308176,0.09
2022-01-17,2022-01-30,Extrême-Nord,1,0,9.882448905019514e-07,297.34972770483546,12.757158946367836,0.007482719280585195,0.3559638167493434,19.608059990445494,7.576412301674623,4.763001483342891,13.2728603714,2.82686737022,8.11,5.55,10.0,20.9,6.289308176,0.09
2022-02-14,2022-02-20,Extrême-Nord,0,0,7.159203191757039e-07,301.9216348806348,12.757158946367836,0.007482719280585195,0.3559638167493434,19.608059990445494,7.576412301674623,4.763001483342891,13.2728603714,2.82686737022,8.11,5.55,10.0,20.9,6.289308176,0.09
2022-03-04,2022-03-10,Extrême-Nord,0,0,1.9347698033319225e-06,307.45322373415763,12.757158946367836,0.007482719280585195,0.3559638167493434,19.608059990445494,7.576412301674623,4.763001483342891,13.2728603714,2.82686737022,8.11,5.55,10.0,20.9,6.289308176,0.09
2022-03-11,2022-03-20,Extrême-Nord,0,0,6.704858440305846e-07,304.955285935308,12.757158946367836,0.007482719280585195,0.3559638167493434,19.608059990445494,7.576412301674623,4.763001483342891,13.2728603714,2.82686737022,8.11,5.55,10.0,20.9,6.289308176,0.09
2022-03-21,2022-03-27,Extrême-Nord,0,0,1.0734953643047145e-06,306.08631588835823,12.757158946367836,0.007482719280585195,0.3559638167493434,19.608059990445494,7.576412301674623,4.763001483342891,13.2728603714,2.82686737022,8.11,5.55,10.0,20.9,6.289308176,0.09
2022-03-28,2022-04-03,Extrême-Nord,0,0,7.886745863790642e-07,305.7396667558467,12.757158946367836,0.007482719280585195,0.3559638167493434,19.608059990445494,7.576412301674623,4.763001483342891,13.2728603714,2.82686737022,8.11,5.55,10.0,20.9,6.289308176,0.09
2022-04-04,2022-04-13,Extrême-Nord,0,0,0.0001166628078378,309.88763520278314,12.757158946367836,0.007482719280585195,0.3559638167493434,19.608059990445494,7.576412301674623,4.763001483342891,13.2728603714,2.82686737022,8.11,5.55,10.0,20.9,6.289308176,0.09
2022-04-14,2022-04-30,Extrême-Nord,0,0,0.0002987641788765,309.178625841283,12.757158946367836,0.007482719280585195,0.3559638167493434,19.608059990445494,7.576412301674623,4.763001483342891,13.2728603714,2.82686737022,8.11,5.55,10.0,20.9,6.289308176,0.09
2022-05-01,2022-05-13,Extrême-Nord,0,0,0.0002610221438884,310.12383133561536,12.757158946367836,0.007482719280585195,0.3559638167493434,19.608059990445494,7.576412301674623,4.763001483342891,13.2728603714,2.82686737022,8.11,5.55,10.0,20.9,6.289308176,0.09
2022-05-14,2022-05-22,Extrême-Nord,0,0,0.0006156866717528,307.4446185278248,12.757158946367836,0.007482719280585195,0.3559638167493434,19.608059990445494,7.576412301674623,4.763001483342891,13.2728603714,2.82686737022,8.11,5.55,10.0,20.9,6.289308176,0.09
2022-05-23,2022-06-06,Extrême-Nord,0,0,0.0001778567817108,308.0062444035128,12.757158946367836,0.007482719280585195,0.3559638167493434,19.608059990445494,7.576412301674623,4.763001483342891,13.2728603714,2.82686737022,8.11,5.55,10.0,20.9,6.289308176,0.09
2022-06-07,2022-06-20,Extrême-Nord,0,0,0.0010928903443778,305.93124877605385,12.757158946367836,0.007482719280585195,0.3559638167493434,19.608059990445494,7.576412301674623,4.763001483342891,13.2728603714,2.82686737022,8.11,5.55,10.0,20.9,6.289308176,0.09
2022-07-05,2022-07-17,Extrême-Nord,0,0,0.0042904720372389,303.52506607633944,12.757158946367836,0.007482719280585195,0.3559638167493434,19.608059990445494,7.576412301674623,4.763001483342891,13.2728603714,2.82686737022,8.11,5.55,10.0,20.9,6.289308176,0.09
2022-07-18,2022-07-28,Extrême-Nord,0,0,0.004377801726524,300.4225059786779,12.757158946367836,0.007482719280585195,0.3559638167493434,19.608059990445494,7.576412301674623,4.763001483342891,13.2728603714,2.82686737022,8.11,5.55,10.0,20.9,6.289308176,0.09
2022-07-29,2022-08-10,Extrême-Nord,0,0,0.0060256743808531,299.4158278006917,12.757158946367836,0.007482719280585195,0.3559638167493434,19.608059990445494,7.576412301674623,4.763001483342891,13.2728603714,2.82686737022,8.11,5.55,10.0,20.9,6.289308176,0.09
2022-10-01,2022-10-20,Extrême-Nord,147,11,0.0008852157531483,302.2377740350545,12.757158946367836,0.007482719280585195,0.3559638167493434,19.608059990445494,7.576412301674623,4.763001483342891,13.2728603714,2.82686737022,8.11,5.55,10.0,20.9,6.289308176,0.09
2022-12-13,2022-12-27,Extrême-Nord,1,0,1.163925862103708e-06,298.6304649645768,12.757158946367836,0.007482719280585195,0.3559638167493434,19.608059990445494,7.576412301674623,4.763001483342891,13.2728603714,2.82686737022,8.11,5.55,10.0,20.9,6.289308176,0.09
2023-01-04,2023-02-07,Extrême-Nord,0,0,9.35495179674336e-07,300.0966537501441,12.757158946367836,0.007482719280585195,0.3559638167493434,19.608059990445494,7.576412301674623,4.763001483342891,13.2728603714,2.82686737022,8.11,5.55,10.0,20.9,6.289308176,0.09
2023-03-27,2023-04-14,Extrême-Nord,0,0,2.8661894849279654e-06,308.3826207037293,12.757158946367836,0.007482719280585195,0.3559638167493434,19.608059990445494,7.576412301674623,4.763001483342891,13.2728603714,2.82686737022,8.11,5.55,10.0,20.9,6.289308176,0.09
2023-05-01,2023-05-07,Extrême-Nord,0,0,0.0001721653369306,308.31095349626975,12.757158946367836,0.007482719280585195,0.3559638167493434,19.608059990445494,7.576412301674623,4.763001483342891,13.2728603714,2.82686737022,8.11,5.55,10.0,20.9,6.289308176,0.09
2023-05-07,2023-05-15,Extrême-Nord,0,0,8.18250090549995e-05,310.70682862974786,12.757158946367836,0.007482719280585195,0.3559638167493434,19.608059990445494,7.576412301674623,4.763001483342891,13.2728603714,2.82686737022,8.11,5.55,10.0,20.9,6.289308176,0.09
2023-05-16,2023-05-30,Extrême-Nord,0,0,0.0007641318094727,309.29128097890435,12.757158946367836,0.007482719280585195,0.3559638167493434,19.608059990445494,7.576412301674623,4.763001483342891,13.2728603714,2.82686737022,8.11,5.55,10.0,20.9,6.289308176,0.09
2023-05-31,2023-06-12,Extrême-Nord,0,0,0.0043650122855564,304.9092496940444,12.757158946367836,0.007482719280585195,0.3559638167493434,19.608059990445494,7.576412301674623,4.763001483342891,13.2728603714,2.82686737022,8.11,5.55,10.0,20.9,6.289308176,0.09
2023-06-13,2023-06-30,Extrême-Nord,0,0,0.002043119119609,303.334105771111,12.757158946367836,0.007482719280585195,0.3559638167493434,19.608059990445494,7.576412301674623,4.763001483342891,13.2728603714,2.82686737022,8.11,5.55,10.0,20.9,6.289308176,0.09
2023-07-09,2023-07-16,Extrême-Nord,0,0,0.0028918686932189,303.66042586943155,12.757158946367836,0.007482719280585195,0.3559638167493434,19.608059990445494,7.576412301674623,4.763001483342891,13.2728603714,2.82686737022,8.11,5.55,10.0,20.9,6.289308176,0.09
2023-07-16,2023-07-30,Extrême-Nord,0,0,0.002501773397646,303.5191607162518,12.757158946367836,0.007482719280585195,0.3559638167493434,19.608059990445494,7.576412301674623,4.763001483342891,13.2728603714,2.82686737022,8.11,5.55,10.0,20.9,6.289308176,0.09
2021-10-29,2021-11-01,Littoral,0,0,0.0140536049134917,297.5639744317096,14.743984641989092,0.005150309460654289,0.20165105601469238,12.243233334755702,12.262424161049235,2.66202899535019,10.6734679679,1.64634872196,5.97,4.9,6.1,13.76,0.303490137,0.24
2021-11-02,2021-11-11,Littoral,0,0,0.0081353014646746,297.8910087583066,14.743984641989092,0.005150309460654289,0.20165105601469238,12.243233334755702,12.262424161049235,2.66202899535019,10.6734679679,1.64634872196,5.97,4.9,6.1,13.76,0.303490137,0.24
2021-11-12,2021-12-27,Littoral,18,0,0.0037224207078629,298.90106352665134,14.743984641989092,0.005150309460654289,0.20165105601469238,12.243233334755702,12.262424161049235,2.66202899535019,10.6734679679,1.64634872196,5.97,4.9,6.1,13.76,0.303490137,0.24
2021-12-28,2022-01-04,Littoral,11,0,0.0018443104729108,298.9188820844129,14.743984641989092,0.005150309460654289,0.20165105601469238,12.243233334755702,12.262424161049235,2.66202899535019,10.6734679679,1.64634872196,5.97,4.9,6.1,13.76,0.303490137,0.24
2022-01-17,2022-01-30,Littoral,6,0,0.0008339622129721,299.71203485604894,14.743984641989092,0.005150309460654289,0.20165105601469238,12.243233334755702,12.262424161049235,2.66202899535019,10.6734679679,1.64634872196,5.97,4.9,6.1,13.76,0.303490137,0.24
2022-02-14,2022-02-20,Littoral,39,3,0.0016120379875378,300.249976565218,14.743984641989092,0.005150309460654289,0.20165105601469238,12.243233334755702,12.262424161049235,2.66202899535019,10.6734679679,1.64634872196,5.97,4.9,6.1,13.76,0.303490137,0.24
2022-03-04,2022-03-10,Littoral,10,2,0.0031794001034483,300.0709935950097,14.743984641989092,0.005150309460654289,0.20165105601469238,12.243233334755702,12.262424161049235,2.66202899535019,10.6734679679,1.64634872196,5.97,4.9,6.1,13.76,0.303490137,0.24
2022-03-11,2022-03-20,Littoral,106,2,0.0037260371653496,299.7021953496846,14.743984641989092,0.005150309460654289,0.20165105601469238,12.243233334755702,12.262424161049235,2.66202899535019,10.6734679679,1.64634872196,5.97,4.9,6.1,13.76,0.303490137,0.24
2022-03-21,2022-03-27,Littoral,76,6,0.0033148438421529,299.61943413047834,14.743984641989092,0.005150309460654289,0.20165105601469238,12.243233334755702,12.262424161049235,2.66202899535019,10.6734679679,1.64634872196,5.97,4.9,6.1,13.76,0.303490137,0.24
2022-03-28,2022-04-03,Littoral,143,2,0.0030425112265911,299.9123046084474,14.743984641989092,0.005150309460654289,0.20165105601469238,12.243233334755702,12.262424161049235,2.66202899535019,10.6734679679,1.64634872196,5.97,4.9,6.1,13.76,0.303490137,0.24
2022-04-04,2022-04-13,Littoral,257,4,0.007120225085149,298.9052221996212,14.743984641989092,0.005150309460654289,0.20165105601469238,12.243233334755702,12.262424161049235,2.66202899535019,10.6734679679,1.64634872196,5.97,4.9,6.1,13.76,0.303490137,0.24
2022-04-14,2022-04-30,Littoral,302,9,0.0082723685284564,298.29753701044007,14.743984641989092,0.005150309460654289,0.20165105601469238,12.243233334755702,12.262424161049235,2.66202899535019,10.6734679679,1.64634872196,5.97,4.9,6.1,13.76,0.303490137,0.24
2022-05-01,2022-05-13,Littoral,159,1,0.008756632641907,298.73791532683805,14.743984641989092,0.005150309460654289,0.20165105601469238,12.243233334755702,12.262424161049235,2.66202899535019,10.6734679679,1.64634872196,5.97,4.9,6.1,13.76,0.303490137,0.24
2022-05-14,2022-05-22,Littoral,69,3,0.0145584599423368,297.97639395118927,14.743984641989092,0.005150309460654289,0.20165105601469238,12.243233334755702,12.262424161049235,2.66202899535019,10.6734679679,1.64634872196,5.97,4.9,6.1,13.76,0.303490137,0.24
2022-05-23,2022-06-06,Littoral,134,4,0.0073700568237799,297.58750964059834,14.743984641989092,0.005150309460654289,0.20165105601469238,12.243233334755702,12.262424161049235,2.66202899535019,10.6734679679,1.64634872196,5.97,4.9,6.1,13.76,0.303490137,0.24
2022-06-07,2022-06-20,Littoral,112,5,0.0087831423782963,297.02868736959664,14.743984641989092,0.005150309460654289,0.20165105601469238,12.243233334755702,12.262424161049235,2.66202899535019,10.6734679679,1.64634872196,5.97,4.9,6.1,13.76,0.303490137,0.24
2022-07-05,2022-07-17,Littoral,181,3,0.0082949516236086,296.66944992761194,14.743984641989092,0.005150309460654289,0.20165105601469238,12.243233334755702,12.262424161049235,2.66202899535019,10.6734679679,1.64634872196,5.97,4.9,6.1,13.76,0.303490137,0.24
2022-07-18,2022-07-28,Littoral,129,5,0.0109026210089062,296.2731247132515,14.743984641989092,0.005150309460654289,0.20165105601469238,12.243233334755702,12.262424161049235,2.66202899535019,10.6734679679,1.64634872196,5.97,4.9,6.1,13.76,0.303490137,0.24
2022-07-29,2022-08-10,Littoral,239,5,0.0066464269567421,296.68497828539,14.743984641989092,0.005150309460654289,0.20165105601469238,12.243233334755702,12.262424161049235,2.66202899535019,10.6734679679,1.64634872196,5.97,4.9,6.1,13.76,0.303490137,0.24
2022-10-01,2022-10-20,Littoral,405,8,0.0130704818134129,297.0974709683,14.743984641989092,0.005150309460654289,0.20165105601469238,12.243233334755702,12.262424161049235,2.66202899535019,10.6734679679,1.64634872196,5.97,4.9,6.1,13.76,0.303490137,0.24
2022-12-13,2022-12-27,Littoral,20,0,0.0018521889306049,298.56315295182674,14.743984641989092,0.005150309460654289,0.20165105601469238,12.243233334755702,12.262424161049235,2.66202899535019,10.6734679679,1.64634872196,5.97,4.9,6.1,13.76,0.303490137,0.24
2023-01-04,2023-02-07,Littoral,56,0,0.0020502636848678,299.37402772506766,14.743984641989092,0.005150309460654289,0.20165105601469238,12.243233334755702,12.262424161049235,2.66202899535019,10.6734679679,1.64634872196,5.97,4.9,6.1,13.76,0.303490137,0.24
2023-03-27,2023-04-14,Littoral,18,0,0.0055899087723873,298.7975614238294,14.743984641989092,0.005150309460654289,0.20165105601469238,12.243233334755702,12.262424161049235,2.66202899535019,10.6734679679,1.64634872196,5.97,4.9,6.1,13.76,0.303490137,0.24
2023-05-01,2023-05-07,Littoral,2,0,0.0073026284526574,298.11597314844016,14.743984641989092,0.005150309460654289,0.20165105601469238,12.243233334755702,12.262424161049235,2.66202899535019,10.6734679679,1.64634872196,5.97,4.9,6.1,13.76,0.303490137,0.24
2023-05-07,2023-05-15,Littoral,3,0,0.0048915422650568,299.35882344395407,14.743984641989092,0.005150309460654289,0.20165105601469238,12.243233334755702,12.262424161049235,2.66202899535019,10.6734679679,1.64634872196,5.97,4.9,6.1,13.76,0.303490137,0.24
2023-05-16,2023-05-30,Littoral,23,0,0.0066141566679653,298.8380902321187,14.743984641989092,0.005150309460654289,0.20165105601469238,12.243233334755702,12.262424161049235,2.66202899535019,10.6734679679,1.64634872196,5.97,4.9,6.1,13.76,0.303490137,0.24
2023-05-31,2023-06-12,Littoral,29,0,0.0115990532902514,297.5228846518593,14.743984641989092,0.005150309460654289,0.20165105601469238,12.243233334755702,12.262424161049235,2.66202899535019,10.6734679679,1.64634872196,5.97,4.9,6.1,13.76,0.303490137,0.24
2023-06-13,2023-06-30,Littoral,20,1,0.0118484886146276,297.20810588659265,14.743984641989092,0.005150309460654289,0.20165105601469238,12.243233334755702,12.262424161049235,2.66202899535019,10.6734679679,1.64634872196,5.97,4.9,6.1,13.76,0.303490137,0.24
2023-07-09,2023-07-16,Littoral,23,0,0.0060610539006002,297.9123494199292,14.743984641989092,0.005150309460654289,0.20165105601469238,12.243233334755702,12.262424161049235,2.66202899535019,10.6734679679,1.64634872196,5.97,4.9,6.1,13.76,0.303490137,0.24
2023-07-16,2023-07-30,Littoral,23,0,0.007615395252334,297.4529902851829,14.743984641989092,0.005150309460654289,0.20165105601469238,12.243233334755702,12.262424161049235,2.66202899535019,10.6734679679,1.64634872196,5.97,4.9,6.1,13.76,0.303490137,0.24
2021-10-29,2021-11-01,Nord,0,0,6.36730025975439e-06,301.7562123237201,12.079050659945196,0.004684668758562779,0.40916749291784704,18.348316525592576,7.772545320220773,4.543907707455856,14.4957148223,5.43290395973,9.25,5.55,6.6,24.16,0.417536534,0.1
2021-11-02,2021-11-11,Nord,0,0,0.0002348266021384,302.79210470425704,12.079050659945196,0.004684668758562779,0.40916749291784704,18.348316525592576,7.772545320220773,4.543907707455856,14.4957148223,5.43290395973,9.25,5.55,6.6,24.16,0.417536534,0.1
2021-11-12,2021-12-27,Nord,0,0,1.0370340543560828e-06,301.390642208848,12.079050659945196,0.004684668758562779,0.40916749291784704,18.348316525592576,7.772545320220773,4.543907707455856,14.4957148223,5.43290395973,9.25,5.55,6.6,24.16,0.417536534,0.1
2021-12-28,2022-01-04,Nord,0,0,1.5268309588074253e-06,299.63941754604133,12.079050659945196,0.004684668758562779,0.40916749291784704,18.348316525592576,7.772545320220773,4.543907707455856,14.4957148223,5.43290395973,9.25,5.55,6.6,24.16,0.417536534,0.1
2022-01-17,2022-01-30,Nord,0,0,9.882448905019514e-07,298.4034044982531,12.079050659945196,0.004684668758562779,0.40916749291784704,18.348316525592576,7.772545320220773,4.543907707455856,14.4957148223,5.43290395973,9.25,5.55,6.6,24.16,0.417536534,0.1
2022-02-14,2022-02-20,Nord,2,0,7.159203191757039e-07,302.1351444562516,12.079050659945196,0.004684668758562779,0.40916749291784704,18.348316525592576,7.772545320220773,4.543907707455856,14.4957148223,5.43290395973,9.25,5.55,6.6,24.16,0.417536534,0.1
2022-03-04,2022-03-10,Nord,0,0,5.51766292002985e-06,306.21499742711376,12.079050659945196,0.004684668758562779,0.40916749291784704,18.348316525592576,7.772545320220773,4.543907707455856,14.4957148223,5.43290395973,9.25,5.55,6.6,24.16,0.417536534,0.1
2022-03-11,2022-03-20,Nord,3,0,6.72300136232776e-07,304.81735386806605,12.079050659945196,0.004684668758562779,0.40916749291784704,18.348316525592576,7.772545320220773,4.543907707455856,14.4957148223,5.43290395973,9.25,5.55,6.6,24.16,0.417536534,0.1
2022-03-21,2022-03-27,Nord,0,0,1.2387053207824712e-06,305.6111486699611,12.079050659945196,0.004684668758562779,0.40916749291784704,18.348316525592576,7.772545320220773,4.543907707455856,14.4957148223,5.43290395973,9.25,5.55,6.6,24.16,0.417536534,0.1
2022-03-28,2022-04-03,Nord,0,0,7.990514665053853e-07,305.0751560088242,12.079050659945196,0.004684668758562779,0.40916749291784704,18.348316525592576,7.772545320220773,4.543907707455856,14.4957148223,5.43290395973,9.25,5.55,6.6,24.16,0.417536534,0.1
2022-04-04,2022-04-13,Nord,6,0,0.0008382223560045,307.1228947377226,12.079050659945196,0.004684668758562779,0.40916749291784704,18.348316525592576,7.772545320220773,4.543907707455856,14.4957148223,5.43290395973,9.25,5.55,6.6,24.16,0.417536534,0.1
2022-04-14,2022-04-30,Nord,0,0,0.0021542650875382,304.6693605538757,12.079050659945196,0.004684668758562779,0.40916749291784704,18.348316525592576,7.772545320220773,4.543907707455856,14.4957148223,5.43290395973,9.25,5.55,6.6,24.16,0.417536534,0.1
2022-05-01,2022-05-13,Nord,2,0,0.0009300517421717,305.8170758358957,12.079050659945196,0.004684668758562779,0.40916749291784704,18.348316525592576,7.772545320220773,4.543907707455856,14.4957148223,5.43290395973,9.25,5.55,6.6,24.16,0.417536534,0.1
2022-05-14,2022-05-22,Nord,0,0,0.0033832698512038,303.2985211598077,12.079050659945196,0.004684668758562779,0.40916749291784704,18.348316525592576,7.772545320220773,4.543907707455856,14.4957148223,5.43290395973,9.25,5.55,6.6,24.16,0.417536534,0.1
2022-05-23,2022-06-06,Nord,0,0,0.0016176054123928,303.5213964774495,12.079050659945196,0.004684668758562779,0.40916749291784704,18.348316525592576,7.772545320220773,4.543907707455856,14.4957148223,5.43290395973,9.25,5.55,6.6,24.16,0.417536534,0.1
2022-06-07,2022-06-20,Nord,1,0,0.0038870673823798,301.37230564661934,12.079050659945196,0.004684668758562779,0.40916749291784704,18.348316525592576,7.772545320220773,4.543907707455856,14.4957148223,5.43290395973,9.25,5.55,6.6,24.16,0.417536534,0.1
2022-07-05,2022-07-17,Nord,0,0,0.0050386563288188,300.234709189564,12.079050659945196,0.004684668758562779,0.40916749291784704,18.348316525592576,7.772545320220773,4.543907707455856,14.4957148223,5.43290395973,9.25,5.55,6.6,24.16,0.417536534,0.1
2022-07-18,2022-07-28,Nord,0,0,0.0092759584461533,297.8757814205082,12.079050659945196,0.004684668758562779,0.40916749291784704,18.348316525592576,7.772545320220773,4.543907707455856,14.4957148223,5.43290395973,9.25,5.55,6.6,24.16,0.417536534,0.1
2022-07-29,2022-08-10,Nord,0,0,0.0062456833730162,298.01229141120126,12.079050659945196,0.004684668758562779,0.40916749291784704,18.348316525592576,7.772545320220773,4.543907707455856,14.4957148223,5.43290395973,9.25,5.55,6.6,24.16,0.417536534,0.1
2022-10-01,2022-10-20,Nord,0,0,0.0043404772606699,299.1736676339104,12.079050659945196,0.004684668758562779,0.40916749291784704,18.348316525592576,7.772545320220773,4.543907707455856,14.4957148223,5.43290395973,9.25,5.55,6.6,24.16,0.417536534,0.1
2022-12-13,2022-12-27,Nord,0,0,1.163925862103708e-06,299.1616626576684,12.079050659945196,0.004684668758562779,0.40916749291784704,18.348316525592576,7.772545320220773,4.543907707455856,14.4957148223,5.43290395973,9.25,5.55,6.6,24.16,0.417536534,0.1
2023-01-04,2023-02-07,Nord,0,0,9.35495179674336e-07,300.6466048886309,12.079050659945196,0.004684668758562779,0.40916749291784704,18.348316525592576,7.772545320220773,4.543907707455856,14.4957148223,5.43290395973,9.25,5.55,6.6,24.16,0.417536534,0.1
2023-03-27,2023-04-14,Nord,0,0,7.631396874993728e-05,306.2635872753969,12.079050659945196,0.004684668758562779,0.40916749291784704,18.348316525592576,7.772545320220773,4.543907707455856,14.4957148223,5.43290395973,9.25,5.55,6.6,24.16,0.417536534,0.1
2023-05-01,2023-05-07,Nord,0,0,0.0009835731924309,304.7798302351487,12.079050659945196,0.004684668758562779,0.40916749291784704,18.348316525592576,7.772545320220773,4.543907707455856,14.4957148223,5.43290395973,9.25,5.55,6.6,24.16,0.417536534,0.1
2023-05-07,2023-05-15,Nord,0,0,0.0007172588620651,306.4799337415764,12.079050659945196,0.004684668758562779,0.40916749291784704,18.348316525592576,7.772545320220773,4.543907707455856,14.4957148223,5.43290395973,9.25,5.55,6.6,24.16,0.417536534,0.1
2023-05-16,2023-05-30,Nord,0,0,0.0031458637016561,304.9507713985932,12.079050659945196,0.004684668758562779,0.40916749291784704,18.348316525592576,7.772545320220773,4.543907707455856,14.4957148223,5.43290395973,9.25,5.55,6.6,24.16,0.417536534,0.1
2023-05-31,2023-06-12,Nord,0,0,0.0058101419475941,301.5207363992215,12.079050659945196,0.004684668758562779,0.40916749291784704,18.348316525592576,7.772545320220773,4.543907707455856,14.4957148223,5.43290395973,9.25,5.55,6.6,24.16,0.417536534,0.1
2023-06-13,2023-06-30,Nord,0,0,0.0090957126346074,299.6104896918021,12.079050659945196,0.004684668758562779,0.40916749291784704,18.348316525592576,7.772545320220773,4.543907707455856,14.4957148223,5.43290395973,9.25,5.55,6.6,24.16,0.417536534,0.1
2023-07-09,2023-07-16,Nord,0,0,0.0056159716198311,300.2136430068275,12.079050659945196,0.004684668758562779,0.40916749291784704,18.348316525592576,7.772545320220773,4.543907707455856,14.4957148223,5.43290395973,9.25,5.55,6.6,24.16,0.417536534,0.1
2023-07-16,2023-07-30,Nord,0,0,0.0055851859779431,300.0965709081489,12.079050659945196,0.004684668758562779,0.40916749291784704,18.348316525592576,7.772545320220773,4.543907707455856,14.4957148223,5.43290395973,9.25,5.55,6.6,24.16,0.417536534,0.1
2021-10-29,2021-11-01,Nord-Ouest,0,0,0.0063797429933667,294.24215378206094,6.789334958716012,0.001321899467850727,0.31458059467918625,15.160804481970597,9.226151930781796,3.455687899765624,7.06557053101,1.42358680242,5.75,2.5,10.0,18.54,1.798561151,0.22
2021-11-02,2021-11-11,Nord-Ouest,0,0,0.009582408256899,294.2814681838483,6.789334958716012,0.001321899467850727,0.31458059467918625,15.160804481970597,9.226151930781796,3.455687899765624,7.06557053101,1.42358680242,5.75,2.5,10.0,18.54,1.798561151,0.22
2021-11-12,2021-12-27,Nord-Ouest,0,0,0.0008385184831308,295.005640317173,6.789334958716012,0.001321899467850727,0.31458059467918625,15.160804481970597,9.226151930781796,3.455687899765624,7.06557053101,1.42358680242,5.75,2.5,10.0,18.54,1.798561151,0.22
2021-12-28,2022-01-04,Nord-Ouest,0,0,1.7212812638032922e-06,295.2945431070691,6.789334958716012,0.001321899467850727,0.31458059467918625,15.160804481970597,9.226151930781796,3.455687899765624,7.06557053101,1.42358680242,5.75,2.5,10.0,18.54,1.798561151,0.22
2022-01-17,2022-01-30,Nord-Ouest,0,0,8.99100848910405e-06,295.3163367026457,6.789334958716012,0.001321899467850727,0.31458059467918625,15.160804481970597,9.226151930781796,3.455687899765624,7.06557053101,1.42358680242,5.75,2.5,10.0,18.54,1.798561151,0.22
2022-02-14,2022-02-20,Nord-Ouest,0,0,9.099590500665311e-06,297.0361764533531,6.789334958716012,0.001321899467850727,0.31458059467918625,15.160804481970597,9.226151930781796,3.455687899765624,7.06557053101,1.42358680242,5.75,2.5,10.0,18.54,1.798561151,0.22
2022-03-04,2022-03-10,Nord-Ouest,0,0,0.0054731815109166,297.6959566628254,6.789334958716012,0.001321899467850727,0.31458059467918625,15.160804481970597,9.226151930781796,3.455687899765624,7.06557053101,1.42358680242,5.75,2.5,10.0,18.54,1.798561151,0.22
2022-03-11,2022-03-20,Nord-Ouest,0,0,0.0004271727250394,297.9015357575535,6.789334958716012,0.001321899467850727,0.31458059467918625,15.160804481970597,9.226151930781796,3.455687899765624,7.06557053101,1.42358680242,5.75,2.5,10.0,18.54,1.798561151,0.22
2022-03-21,2022-03-27,Nord-Ouest,0,0,0.0007764980275962,298.1971245206643,6.789334958716012,0.001321899467850727,0.31458059467918625,15.160804481970597,9.226151930781796,3.455687899765624,7.06557053101,1.42358680242,5.75,2.5,10.0,18.54,1.798561151,0.22
2022-03-28,2022-04-03,Nord-Ouest,0,0,0.0002259915341728,298.2400040013616,6.789334958716012,0.001321899467850727,0.31458059467918625,15.160804481970597,9.226151930781796,3.455687899765624,7.06557053101,1.42358680242,5.75,2.5,10.0,18.54,1.798561151,0.22
2022-04-04,2022-04-13,Nord-Ouest,0,0,0.0078200483127829,296.9916786833155,6.789334958716012,0.001321899467850727,0.31458059467918625,15.160804481970597,9.226151930781796,3.455687899765624,7.06557053101,1.42358680242,5.75,2.5,10.0,18.54,1.798561151,0.22
2022-04-14,2022-04-30,Nord-Ouest,0,0,0.0088451432946081,295.44420905770653,6.789334958716012,0.001321899467850727,0.31458059467918625,15.160804481970597,9.226151930781796,3.455687899765624,7.06557053101,1.42358680242,5.75,2.5,10.0,18.54,1.798561151,0.22
2022-05-01,2022-05-13,Nord-Ouest,0,0,0.0085073190249869,295.98079152924817,6.789334958716012,0.001321899467850727,0.31458059467918625,15.160804481970597,9.226151930781796,3.455687899765624,7.06557053101,1.42358680242,5.75,2.5,10.0,18.54,1.798561151,0.22
2022-05-14,2022-05-22,Nord-Ouest,0,0,0.012124490063342,294.864849397259,6.789334958716012,0.001321899467850727,0.31458059467918625,15.160804481970597,9.226151930781796,3.455687899765624,7.06557053101,1.42358680242,5.75,2.5,10.0,18.54,1.798561151,0.22
2022-05-23,2022-06-06,Nord-Ouest,0,0,0.0073306356574923,294.63078549499267,6.789334958716012,0.001321899467850727,0.31458059467918625,15.160804481970597,9.226151930781796,3.455687899765624,7.06557053101,1.42358680242,5.75,2.5,10.0,18.54,1.798561151,0.22
2022-06-07,2022-06-20,Nord-Ouest,0,0,0.0113096116055612,293.61413054387015,6.789334958716012,0.001321899467850727,0.31458059467918625,15.160804481970597,9.226151930781796,3.455687899765624,7.06557053101,1.42358680242,5.75,2.5,10.0,18.54,1.798561151,0.22
2022-07-05,2022-07-17,Nord-Ouest,0,0,0.0105059405671364,293.3835820777515,6.789334958716012,0.001321899467850727,0.31458059467918625,15.160804481970597,9.226151930781796,3.455687899765624,7.06557053101,1.42358680242,5.75,2.5,10.0,18.54,1.798561151,0.22
2022-07-18,2022-07-28,Nord-Ouest,0,0,0.0109105985096854,292.92615977895014,6.789334958716012,0.001321899467850727,0.31458059467918625,15.160804481970597,9.226151930781796,3.455687899765624,7.06557053101,1.42358680242,5.75,2.5,10.0,18.54,1.798561151,0.22
2022-07-29,2022-08-10,Nord-Ouest,0,0,0.0104375797581092,293.2625096599993,6.789334958716012,0.001321899467850727,0.31458059467918625,15.160804481970597,9.226151930781796,3.455687899765624,7.06557053101,1.42358680242,5.75,2.5,10.0,18.54,1.798561151,0.22
2022-10-01,2022-10-20,Nord-Ouest,0,0,0.0135418047967125,293.5122159504368,6.789334958716012,0.001321899467850727,0.31458059467918625,15.160804481970597,9.226151930781796,3.455687899765624,7.06557053101,1.42358680242,5.75,2.5,10.0,18.54,1.798561151,0.22
2022-12-13,2022-12-27,Nord-Ouest,0,0,1.178154203373473e-05,295.05501706045385,6.789334958716012,0.001321899467850727,0.31458059467918625,15.160804481970597,9.226151930781796,3.455687899765624,7.06557053101,1.42358680242,5.75,2.5,10.0,18.54,1.798561151,0.22
2023-01-04,2023-02-07,Nord-Ouest,0,0,0.0002362272447267,296.4180707888353,6.789334958716012,0.001321899467850727,0.31458059467918625,15.160804481970597,9.226151930781796,3.455687899765624,7.06557053101,1.42358680242,5.75,2.5,10.0,18.54,1.798561151,0.22
2023-03-27,2023-04-14,Nord-Ouest,0,0,0.0023336286933027,297.3170065241887,6.789334958716012,0.001321899467850727,0.31458059467918625,15.160804481970597,9.226151930781796,3.455687899765624,7.06557053101,1.42358680242,5.75,2.5,10.0,18.54,1.798561151,0.22
2023-05-01,2023-05-07,Nord-Ouest,0,0,0.0111073715759665,295.23677378369695,6.789334958716012,0.001321899467850727,0.31458059467918625,15.160804481970597,9.226151930781796,3.455687899765624,7.06557053101,1.42358680242,5.75,2.5,10.0,18.54,1.798561151,0.22
2023-05-07,2023-05-15,Nord-Ouest,0,0,0.008412224168764,296.0901180716077,6.789334958716012,0.001321899467850727,0.31458059467918625,15.160804481970597,9.226151930781796,3.455687899765624,7.06557053101,1.42358680242,5.75,2.5,10.0,18.54,1.798561151,0.22
2023-05-16,2023-05-30,Nord-Ouest,0,0,0.0080800825059676,296.1197245842736,6.789334958716012,0.001321899467850727,0.31458059467918625,15.160804481970597,9.226151930781796,3.455687899765624,7.06557053101,1.42358680242,5.75,2.5,10.0,18.54,1.798561151,0.22
2023-05-31,2023-06-12,Nord-Ouest,0,0,0.0113753788187826,294.26356723369554,6.789334958716012,0.001321899467850727,0.31458059467918625,15.160804481970597,9.226151930781796,3.455687899765624,7.06557053101,1.42358680242,5.75,2.5,10.0,18.54,1.798561151,0.22
2023-06-13,2023-06-30,Nord-Ouest,0,0,0.0151408958807081,293.6836328741382,6.789334958716012,0.001321899467850727,0.31458059467918625,15.160804481970597,9.226151930781796,3.455687899765624,7.06557053101,1.42358680242,5.75,2.5,10.0,18.54,1.798561151,0.22
2023-07-09,2023-07-16,Nord-Ouest,0,0,0.0084092113102532,294.3193595812373,6.789334958716012,0.001321899467850727,0.31458059467918625,15.160804481970597,9.226151930781796,3.455687899765624,7.06557053101,1.42358680242,5.75,2.5,10.0,18.54,1.798561151,0.22
2023-07-16,2023-07-30,Nord-Ouest,0,0,0.0101544058836017,294.25924547846,6.789334958716012,0.001321899467850727,0.31458059467918625,15.160804481970597,9.226151930781796,3.455687899765624,7.06557053101,1.42358680242,5.75,2.5,10.0,18.54,1.798561151,0.22
2021-10-29,2021-11-01,Sud,0,0,0.0100827169469483,296.92737419714007,8.181668705005794,0.0010509936667394628,0.33746898079763665,13.635672705277294,12.747754783697113,3.201012247396786,13.923377353,3.83677540592,7.72,4.15,5.1,18.42,0.337609723,0.31
2021-11-02,2021-11-11,Sud,0,0,0.0077756298225928,296.8952680612519,8.181668705005794,0.0010509936667394628,0.33746898079763665,13.635672705277294,12.747754783697113,3.201012247396786,13.923377353,3.83677540592,7.72,4.15,5.1,18.42,0.337609723,0.31
2021-11-12,2021-12-27,Sud,12,0,0.003716489399872,297.79325472596474,8.181668705005794,0.0010509936667394628,0.33746898079763665,13.635672705277294,12.747754783697113,3.201012247396786,13.923377353,3.83677540592,7.72,4.15,5.1,18.42,0.337609723,0.31
2021-12-28,2022-01-04,Sud,8,1,0.0030103175569301,297.5533098332711,8.181668705005794,0.0010509936667394628,0.33746898079763665,13.635672705277294,12.747754783697113,3.201012247396786,13.923377353,3.83677540592,7.72,4.15,5.1,18.42,0.337609723,0.31
2022-01-17,2022-01-30,Sud,6,0,0.0008916004938156,298.408253631548,8.181668705005794,0.0010509936667394628,0.33746898079763665,13.635672705277294,12.747754783697113,3.201012247396786,13.923377353,3.83677540592,7.72,4.15,5.1,18.42,0.337609723,0.31
2022-02-14,2022-02-20,Sud,120,0,0.0018164361538695,298.9579720064362,8.181668705005794,0.0010509936667394628,0.33746898079763665,13.635672705277294,12.747754783697113,3.201012247396786,13.923377353,3.83677540592,7.72,4.15,5.1,18.42,0.337609723,0.31
2022-03-04,2022-03-10,Sud,0,0,0.0024938910248165,298.6967810201511,8.181668705005794,0.0010509936667394628,0.33746898079763665,13.635672705277294,12.747754783697113,3.201012247396786,13.923377353,3.83677540592,7.72,4.15,5.1,18.42,0.337609723,0.31
2022-03-11,2022-03-20,Sud,0,0,0.006382614641287,298.09997826836343,8.181668705005794,0.0010509936667394628,0.33746898079763665,13.635672705277294,12.747754783697113,3.201012247396786,13.923377353,3.83677540592,7.72,4.15,5.1,18.42,0.337609723,0.31
2022-03-21,2022-03-27,Sud,5,0,0.0020631733747632,298.7131731438386,8.181668705005794,0.0010509936667394628,0.33746898079763665,13.635672705277294,12.747754783697113,3.201012247396786,13.923377353,3.83677540592,7.72,4.15,5.1,18.42,0.337609723,0.31
2022-03-28,2022-04-03,Sud,1,0,0.0046207332319955,298.3736952101471,8.181668705005794,0.0010509936667394628,0.33746898079763665,13.635672705277294,12.747754783697113,3.201012247396786,13.923377353,3.83677540592,7.72,4.15,5.1,18.42,0.337609723,0.31
2022-04-04,2022-04-13,Sud,1,0,0.0067529709726988,297.90579779748106,8.181668705005794,0.0010509936667394628,0.33746898079763665,13.635672705277294,12.747754783697113,3.201012247396786,13.923377353,3.83677540592,7.72,4.15,5.1,18.42,0.337609723,0.31
2022-04-14,2022-04-30,Sud,0,0,0.0071063507687339,297.0299193687054,8.181668705005794,0.0010509936667394628,0.33746898079763665,13.635672705277294,12.747754783697113,3.201012247396786,13.923377353,3.83677540592,7.72,4.15,5.1,18.42,0.337609723,0.31
2022-05-01,2022-05-13,Sud,0,0,0.0076992938595694,297.46633149745526,8.181668705005794,0.0010509936667394628,0.33746898079763665,13.635672705277294,12.747754783697113,3.201012247396786,13.923377353,3.83677540592,7.72,4.15,5.1,18.42,0.337609723,0.31
2022-05-14,2022-05-22,Sud,0,0,0.0103022590770791,297.0574509586439,8.181668705005794,0.0010509936667394628,0.33746898079763665,13.635672705277294,12.747754783697113,3.201012247396786,13.923377353,3.83677540592,7.72,4.15,5.1,18.42,0.337609723,0.31
2022-05-23,2022-06-06,Sud,0,0,0.0089791291006901,296.47101411577853,8.181668705005794,0.0010509936667394628,0.33746898079763665,13.635672705277294,12.747754783697113,3.201012247396786,13.923377353,3.83677540592,7.72,4.15,5.1,18.42,0.337609723,0.31
2022-06-07,2022-06-20,Sud,0,0,0.0056036994513256,296.5359231806805,8.181668705005794,0.0010509936667394628,0.33746898079763665,13.635672705277294,12.747754783697113,3.201012247396786,13.923377353,3.83677540592,7.72,4.15,5.1,18.42,0.337609723,0.31
2022-07-05,2022-07-17,Sud,0,0,0.0027247197933854,296.77714591888974,8.181668705005794,0.0010509936667394628,0.33746898079763665,13.635672705277294,12.747754783697113,3.201012247396786,13.923377353,3.83677540592,7.72,4.15,5.1,18.42,0.337609723,0.31
2022-07-18,2022-07-28,Sud,0,0,0.0036782448063524,296.15486501915115,8.181668705005794,0.0010509936667394628,0.33746898079763665,13.635672705277294,12.747754783697113,3.201012247396786,13.923377353,3.83677540592,7.72,4.15,5.1,18.42,0.337609723,0.31
2022-07-29,2022-08-10,Sud,0,0,0.0019165537579206,296.7553799284034,8.181668705005794,0.0010509936667394628,0.33746898079763665,13.635672705277294,12.747754783697113,3.201012247396786,13.923377353,3.83677540592,7.72,4.15,5.1,18.42,0.337609723,0.31
2022-10-01,2022-10-20,Sud,0,0,0.0121130687428371,296.13742491578995,8.181668705005794,0.0010509936667394628,0.33746898079763665,13.635672705277294,12.747754783697113,3.201012247396786,13.923377353,3.83677540592,7.72,4.15,5.1,18.42,0.337609723,0.31
2022-12-13,2022-12-27,Sud,0,0,0.0024404134228531,297.04103980066856,8.181668705005794,0.0010509936667394628,0.33746898079763665,13.635672705277294,12.747754783697113,3.201012247396786,13.923377353,3.83677540592,7.72,4.15,5.1,18.42,0.337609723,0.31
2023-01-04,2023-02-07,Sud,0,0,0.0021451536888369,298.1207847757418,8.181668705005794,0.0010509936667394628,0.33746898079763665,13.635672705277294,12.747754783697113,3.201012247396786,13.923377353,3.83677540592,7.72,4.15,5.1,18.42,0.337609723,0.31
2023-03-27,2023-04-14,Sud,0,0,0.006756899754522,297.438895929358,8.181668705005794,0.0010509936667394628,0.33746898079763665,13.635672705277294,12.747754783697113,3.201012247396786,13.923377353,3.83677540592,7.72,4.15,5.1,18.42,0.337609723,0.31
2023-05-01,2023-05-07,Sud,0,0,0.0083252437455307,296.82514569013534,8.181668705005794,0.0010509936667394628,0.33746898079763665,13.635672705277294,12.747754783697113,3.201012247396786,13.923377353,3.83677540592,7.72,4.15,5.1,18.42,0.337609723,0.31
2023-05-07,2023-05-15,Sud,0,0,0.0039198061893899,298.1672975080808,8.181668705005794,0.0010509936667394628,0.33746898079763665,13.635672705277294,12.747754783697113,3.201012247396786,13.923377353,3.83677540592,7.72,4.15,5.1,18.42,0.337609723,0.31
2023-05-16,2023-05-30,Sud,20,0,0.0041128206451915,298.0003590578028,8.181668705005794,0.0010509936667394628,0.33746898079763665,13.635672705277294,12.747754783697113,3.201012247396786,13.923377353,3.83677540592,7.72,4.15,5.1,18.42,0.337609723,0.31
2023-05-31,2023-06-12,Sud,5,1,0.0078172966065413,296.8941720232697,8.181668705005794,0.0010509936667394628,0.33746898079763665,13.635672705277294,12.747754783697113,3.201012247396786,13.923377353,3.83677540592,7.72,4.15,5.1,18.42,0.337609723,0.31
2023-06-13,2023-06-30,Sud,14,2,0.0038084898671095,297.0812645649796,8.181668705005794,0.0010509936667394628,0.33746898079763665,13.635672705277294,12.747754783697113,3.201012247396786,13.923377353,3.83677540592,7.72,4.15,5.1,18.42,0.337609723,0.31
2023-07-09,2023-07-16,Sud,1,0,0.0034875750575131,297.209167372976,8.181668705005794,0.0010509936667394628,0.33746898079763665,13.635672705277294,12.747754783697113,3.201012247396786,13.923377353,3.83677540592,7.72,4.15,5.1,18.42,0.337609723,0.31
2023-07-16,2023-07-30,Sud,1,0,0.0038778107633575,297.29908142788685,8.181668705005794,0.0010509936667394628,0.33746898079763665,13.635672705277294,12.747754783697113,3.201012247396786,13.923377353,3.83677540592,7.72,4.15,5.1,18.42,0.337609723,0.31
2021-10-29,2021-11-01,Sud-Ouest,23,3,0.0150201921202613,297.033689079426,10.211275664594028,0.002478692775563903,0.3046393568147014,13.55064954244945,9.738791556174208,3.2543681673212914,10.6897259503,2.02007775667,9.57,3.95,9.0,9.42,0.263435195,0.16
2021-11-02,2021-11-11,Sud-Ouest,23,3,0.0115626920883446,297.07836066544047,10.211275664594028,0.002478692775563903,0.3046393568147014,13.55064954244945,9.738791556174208,3.2543681673212914,10.6897259503,2.02007775667,9.57,3.95,9.0,9.42,0.263435195,0.16
2021-11-12,2021-12-27,Sud-Ouest,337,9,0.0037678544555618,298.0775972289167,10.211275664594028,0.002478692775563903,0.3046393568147014,13.55064954244945,9.738791556174208,3.2543681673212914,10.6897259503,2.02007775667,9.57,3.95,9.0,9.42,0.263435195,0.16
2021-12-28,2022-01-04,Sud-Ouest,99,2,0.0005074664297009,298.70022824756825,10.211275664594028,0.002478692775563903,0.3046393568147014,13.55064954244945,9.738791556174208,3.2543681673212914,10.6897259503,2.02007775667,9.57,3.95,9.0,9.42,0.263435195,0.16
2022-01-17,2022-01-30,Sud-Ouest,175,4,0.0003953712768206,299.1488064255064,10.211275664594028,0.002478692775563903,0.3046393568147014,13.55064954244945,9.738791556174208,3.2543681673212914,10.6897259503,2.02007775667,9.57,3.95,9.0,9.42,0.263435195,0.16
2022-02-14,2022-02-20,Sud-Ouest,87,3,0.0012095515861692,300.64620764425587,10.211275664594028,0.002478692775563903,0.3046393568147014,13.55064954244945,9.738791556174208,3.2543681673212914,10.6897259503,2.02007775667,9.57,3.95,9.0,9.42,0.263435195,0.16
2022-03-04,2022-03-10,Sud-Ouest,38,0,0.0048273037534021,299.5780100955621,10.211275664594028,0.002478692775563903,0.3046393568147014,13.55064954244945,9.738791556174208,3.2543681673212914,10.6897259503,2.02007775667,9.57,3.95,9.0,9.42,0.263435195,0.16
2022-03-11,2022-03-20,Sud-Ouest,110,3,0.0029445825786881,299.644441040835,10.211275664594028,0.002478692775563903,0.3046393568147014,13.55064954244945,9.738791556174208,3.2543681673212914,10.6897259503,2.02007775667,9.57,3.95,9.0,9.42,0.263435195,0.16
2022-03-21,2022-03-27,Sud-Ouest,670,6,0.0038307764483935,299.3627310169096,10.211275664594028,0.002478692775563903,0.3046393568147014,13.55064954244945,9.738791556174208,3.2543681673212914,10.6897259503,2.02007775667,9.57,3.95,9.0,9.42,0.263435195,0.16
2022-03-28,2022-04-03,Sud-Ouest,598,6,0.002417937081745,299.93825231522567,10.211275664594028,0.002478692775563903,0.3046393568147014,13.55064954244945,9.738791556174208,3.2543681673212914,10.6897259503,2.02007775667,9.57,3.95,9.0,9.42,0.263435195,0.16
2022-04-04,2022-04-13,Sud-Ouest,312,1,0.0076108525675004,299.0167406131992,10.211275664594028,0.002478692775563903,0.3046393568147014,13.55064954244945,9.738791556174208,3.2543681673212914,10.6897259503,2.02007775667,9.57,3.95,9.0,9.42,0.263435195,0.16
2022-04-14,2022-04-30,Sud-Ouest,414,0,0.0093317283471001,297.8248274842034,10.211275664594028,0.002478692775563903,0.3046393568147014,13.55064954244945,9.738791556174208,3.2543681673212914,10.6897259503,2.02007775667,9.57,3.95,9.0,9.42,0.263435195,0.16
2022-05-01,2022-05-13,Sud-Ouest,260,3,0.0076091963245743,298.1867973870269,10.211275664594028,0.002478692775563903,0.3046393568147014,13.55064954244945,9.738791556174208,3.2543681673212914,10.6897259503,2.02007775667,9.57,3.95,9.0,9.42,0.263435195,0.16
2022-05-14,2022-05-22,Sud-Ouest,218,3,0.0141193580618908,297.6417924148384,10.211275664594028,0.002478692775563903,0.3046393568147014,13.55064954244945,9.738791556174208,3.2543681673212914,10.6897259503,2.02007775667,9.57,3.95,9.0,9.42,0.263435195,0.16
2022-05-23,2022-06-06,Sud-Ouest,439,4,0.0077214842728372,297.2798413456748,10.211275664594028,0.002478692775563903,0.3046393568147014,13.55064954244945,9.738791556174208,3.2543681673212914,10.6897259503,2.02007775667,9.57,3.95,9.0,9.42,0.263435195,0.16
2022-06-07,2022-06-20,Sud-Ouest,115,2,0.0146231049740565,296.5803525801973,10.211275664594028,0.002478692775563903,0.3046393568147014,13.55064954244945,9.738791556174208,3.2543681673212914,10.6897259503,2.02007775667,9.57,3.95,9.0,9.42,0.263435195,0.16
2022-07-05,2022-07-17,Sud-Ouest,6,0,0.015841189653858,296.1171393327144,10.211275664594028,0.002478692775563903,0.3046393568147014,13.55064954244945,9.738791556174208,3.2543681673212914,10.6897259503,2.02007775667,9.57,3.95,9.0,9.42,0.263435195,0.16
2022-07-18,2022-07-28,Sud-Ouest,1,0,0.0140061510419858,295.81722286798095,10.211275664594028,0.002478692775563903,0.3046393568147014,13.55064954244945,9.738791556174208,3.2543681673212914,10.6897259503,2.02007775667,9.57,3.95,9.0,9.42,0.263435195,0.16
2022-07-29,2022-08-10,Sud-Ouest,0,0,0.0101093608849703,296.1924420808331,10.211275664594028,0.002478692775563903,0.3046393568147014,13.55064954244945,9.738791556174208,3.2543681673212914,10.6897259503,2.02007775667,9.57,3.95,9.0,9.42,0.263435195,0.16
2022-10-01,2022-10-20,Sud-Ouest,0,0,0.0152226251910185,296.5643042569605,10.211275664594028,0.002478692775563903,0.3046393568147014,13.55064954244945,9.738791556174208,3.2543681673212914,10.6897259503,2.02007775667,9.57,3.95,9.0,9.42,0.263435195,0.16
2022-12-13,2022-12-27,Sud-Ouest,0,0,0.0005602238450301,298.4069127025959,10.211275664594028,0.002478692775563903,0.3046393568147014,13.55064954244945,9.738791556174208,3.2543681673212914,10.6897259503,2.02007775667,9.57,3.95,9.0,9.42,0.263435195,0.16
2023-01-04,2023-02-07,Sud-Ouest,0,0,0.0016289803697932,299.459700316845,10.211275664594028,0.002478692775563903,0.3046393568147014,13.55064954244945,9.738791556174208,3.2543681673212914,10.6897259503,2.02007775667,9.57,3.95,9.0,9.42,0.263435195,0.16
2023-03-27,2023-04-14,Sud-Ouest,0,0,0.0049470852415119,298.5232514554139,10.211275664594028,0.002478692775563903,0.3046393568147014,13.55064954244945,9.738791556174208,3.2543681673212914,10.6897259503,2.02007775667,9.57,3.95,9.0,9.42,0.263435195,0.16
2023-05-01,2023-05-07,Sud-Ouest,0,0,0.0085390855968454,297.77545904149173,10.211275664594028,0.002478692775563903,0.3046393568147014,13.55064954244945,9.738791556174208,3.2543681673212914,10.6897259503,2.02007775667,9.57,3.95,9.0,9.42,0.263435195,0.16
2023-05-07,2023-05-15,Sud-Ouest,0,0,0.0052006043087181,298.87056236994897,10.211275664594028,0.002478692775563903,0.3046393568147014,13.55064954244945,9.738791556174208,3.2543681673212914,10.6897259503,2.02007775667,9.57,3.95,9.0,9.42,0.263435195,0.16
2023-05-16,2023-05-30,Sud-Ouest,0,0,0.0098445256436055,298.4321757201238,10.211275664594028,0.002478692775563903,0.3046393568147014,13.55064954244945,9.738791556174208,3.2543681673212914,10.6897259503,2.02007775667,9.57,3.95,9.0,9.42,0.263435195,0.16
2023-05-31,2023-06-12,Sud-Ouest,0,0,0.0136567851593928,297.10857961976177,10.211275664594028,0.002478692775563903,0.3046393568147014,13.55064954244945,9.738791556174208,3.2543681673212914,10.6897259503,2.02007775667,9.57,3.95,9.0,9.42,0.263435195,0.16
2023-06-13,2023-06-30,Sud-Ouest,0,0,0.0195201881566083,296.5861383391606,10.211275664594028,0.002478692775563903,0.3046393568147014,13.55064954244945,9.738791556174208,3.2543681673212914,10.6897259503,2.02007775667,9.57,3.95,9.0,9.42,0.263435195,0.16
2023-07-09,2023-07-16,Sud-Ouest,0,0,0.0082492665294507,297.3072551991767,10.211275664594028,0.002478692775563903,0.3046393568147014,13.55064954244945,9.738791556174208,3.2543681673212914,10.6897259503,2.02007775667,9.57,3.95,9.0,9.42,0.263435195,0.16
2023-07-16,2023-07-30,Sud-Ouest,0,0,0.0151572583683608,296.8634665118723,10.211275664594028,0.002478692775563903,0.3046393568147014,13.55064954244945,9.738791556174208,3.2543681673212914,10.6897259503,2.02007775667,9.57,3.95,9.0,9.42,0.263435195,0.16
2021-10-29,2021-11-01,Ouest,0,0,0.0058166922544486,295.36428430559687,2.7716007635592814,0.005211028161726661,0.10100372208436725,18.763641761728298,9.651773130242578,4.115309343262265,7.43426496718,1.13878198286,4.92,2.8,5.6,15.94,0.583771162,0.37
2021-11-02,2021-11-11,Ouest,0,0,0.0067278305546834,295.518497078804,2.7716007635592814,0.005211028161726661,0.10100372208436725,18.763641761728298,9.651773130242578,4.115309343262265,7.43426496718,1.13878198286,4.92,2.8,5.6,15.94,0.583771162,0.37
2021-11-12,2021-12-27,Ouest,0,0,0.0010354354087309,296.4864231974423,2.7716007635592814,0.005211028161726661,0.10100372208436725,18.763641761728298,9.651773130242578,4.115309343262265,7.43426496718,1.13878198286,4.92,2.8,5.6,15.94,0.583771162,0.37
2021-12-28,2022-01-04,Ouest,0,0,0.0001379318630021,297.6051842471037,2.7716007635592814,0.005211028161726661,0.10100372208436725,18.763641761728298,9.651773130242578,4.115309343262265,7.43426496718,1.13878198286,4.92,2.8,5.6,15.94,0.583771162,0.37
2022-01-17,2022-01-30,Ouest,0,0,7.376462307417528e-05,297.8027528191864,2.7716007635592814,0.005211028161726661,0.10100372208436725,18.763641761728298,9.651773130242578,4.115309343262265,7.43426496718,1.13878198286,4.92,2.8,5.6,15.94,0.583771162,0.37
2022-02-14,2022-02-20,Ouest,0,0,0.0001451023054863,299.61209941596945,2.7716007635592814,0.005211028161726661,0.10100372208436725,18.763641761728298,9.651773130242578,4.115309343262265,7.43426496718,1.13878198286,4.92,2.8,5.6,15.94,0.583771162,0.37
2022-03-04,2022-03-10,Ouest,0,0,0.0043733370479444,299.85113751593946,2.7716007635592814,0.005211028161726661,0.10100372208436725,18.763641761728298,9.651773130242578,4.115309343262265,7.43426496718,1.13878198286,4.92,2.8,5.6,15.94,0.583771162,0.37
2022-03-11,2022-03-20,Ouest,0,0,0.0012601339265679,299.5469547244601,2.7716007635592814,0.005211028161726661,0.10100372208436725,18.763641761728298,9.651773130242578,4.115309343262265,7.43426496718,1.13878198286,4.92,2.8,5.6,15.94,0.583771162,0.37
2022-03-21,2022-03-27,Ouest,0,0,0.0018050934725255,299.5044130288881,2.7716007635592814,0.005211028161726661,0.10100372208436725,18.763641761728298,9.651773130242578,4.115309343262265,7.43426496718,1.13878198286,4.92,2.8,5.6,15.94,0.583771162,0.37
2022-03-28,2022-04-03,Ouest,0,0,0.0011113435716021,300.1905290413964,2.7716007635592814,0.005211028161726661,0.10100372208436725,18.763641761728298,9.651773130242578,4.115309343262265,7.43426496718,1.13878198286,4.92,2.8,5.6,15.94,0.583771162,0.37
2022-04-04,2022-04-13,Ouest,0,0,0.0059857040838766,298.0376497373383,2.7716007635592814,0.005211028161726661,0.10100372208436725,18.763641761728298,9.651773130242578,4.115309343262265,7.43426496718,1.13878198286,4.92,2.8,5.6,15.94,0.583771162,0.37
2022-04-14,2022-04-30,Ouest,0,0,0.0071078703949745,296.7927143403668,2.7716007635592814,0.005211028161726661,0.10100372208436725,18.763641761728298,9.651773130242578,4.115309343262265,7.43426496718,1.13878198286,4.92,2.8,5.6,15.94,0.583771162,0.37
2022-05-01,2022-05-13,Ouest,0,0,0.0066507691908296,297.14347452265537,2.7716007635592814,0.005211028161726661,0.10100372208436725,18.763641761728298,9.651773130242578,4.115309343262265,7.43426496718,1.13878198286,4.92,2.8,5.6,15.94,0.583771162,0.37
2022-05-14,2022-05-22,Ouest,4,0,0.0084567561628946,295.80759738686123,2.7716007635592814,0.005211028161726661,0.10100372208436725,18.763641761728298,9.651773130242578,4.115309343262265,7.43426496718,1.13878198286,4.92,2.8,5.6,15.94,0.583771162,0.37
2022-05-23,2022-06-06,Ouest,23,2,0.005122550681295,295.5493212815279,2.7716007635592814,0.005211028161726661,0.10100372208436725,18.763641761728298,9.651773130242578,4.115309343262265,7.43426496718,1.13878198286,4.92,2.8,5.6,15.94,0.583771162,0.37
2022-06-07,2022-06-20,Ouest,24,2,0.0070269150233377,294.7268872721386,2.7716007635592814,0.005211028161726661,0.10100372208436725,18.763641761728298,9.651773130242578,4.115309343262265,7.43426496718,1.13878198286,4.92,2.8,5.6,15.94,0.583771162,0.37
2022-07-05,2022-07-17,Ouest,15,1,0.0079050244299266,294.5784676414968,2.7716007635592814,0.005211028161726661,0.10100372208436725,18.763641761728298,9.651773130242578,4.115309343262265,7.43426496718,1.13878198286,4.92,2.8,5.6,15.94,0.583771162,0.37
2022-07-18,2022-07-28,Ouest,10,1,0.0108106837416173,294.01723681245613,2.7716007635592814,0.005211028161726661,0.10100372208436725,18.763641761728298,9.651773130242578,4.115309343262265,7.43426496718,1.13878198286,4.92,2.8,5.6,15.94,0.583771162,0.37
2022-07-29,2022-08-10,Ouest,11,0,0.0074838829890365,294.5221052481812,2.7716007635592814,0.005211028161726661,0.10100372208436725,18.763641761728298,9.651773130242578,4.115309343262265,7.43426496718,1.13878198286,4.92,2.8,5.6,15.94,0.583771162,0.37
2022-10-01,2022-10-20,Ouest,8,0,0.008833972501966,294.49230105939114,2.7716007635592814,0.005211028161726661,0.10100372208436725,18.763641761728298,9.651773130242578,4.115309343262265,7.43426496718,1.13878198286,4.92,2.8,5.6,15.94,0.583771162,0.37
2022-12-13,2022-12-27,Ouest,0,0,0.0001988714770352,297.09982918904603,2.7716007635592814,0.005211028161726661,0.10100372208436725,18.763641761728298,9.651773130242578,4.115309343262265,7.43426496718,1.13878198286,4.92,2.8,5.6,15.94,0.583771162,0.37
2023-01-04,2023-02-07,Ouest,0,0,0.000393219683869,298.60781618487977,2.7716007635592814,0.005211028161726661,0.10100372208436725,18.763641761728298,9.651773130242578,4.115309343262265,7.43426496718,1.13878198286,4.92,2.8,5.6,15.94,0.583771162,0.37
2023-03-27,2023-04-14,Ouest,0,0,0.0028567690148849,298.1845476944121,2.7716007635592814,0.005211028161726661,0.10100372208436725,18.763641761728298,9.651773130242578,4.115309343262265,7.43426496718,1.13878198286,4.92,2.8,5.6,15.94,0.583771162,0.37
2023-05-01,2023-05-07,Ouest,0,0,0.0066310587457646,295.9818904358402,2.7716007635592814,0.005211028161726661,0.10100372208436725,18.763641761728298,9.651773130242578,4.115309343262265,7.43426496718,1.13878198286,4.92,2.8,5.6,15.94,0.583771162,0.37
2023-05-07,2023-05-15,Ouest,1,0,0.0057654191489232,297.27821077554404,2.7716007635592814,0.005211028161726661,0.10100372208436725,18.763641761728298,9.651773130242578,4.115309343262265,7.43426496718,1.13878198286,4.92,2.8,5.6,15.94,0.583771162,0.37
2023-05-16,2023-05-30,Ouest,0,0,0.004285489748284,297.33044682342927,2.7716007635592814,0.005211028161726661,0.10100372208436725,18.763641761728298,9.651773130242578,4.115309343262265,7.43426496718,1.13878198286,4.92,2.8,5.6,15.94,0.583771162,0.37
2023-05-31,2023-06-12,Ouest,0,0,0.0102394508369167,295.47990939432333,2.7716007635592814,0.005211028161726661,0.10100372208436725,18.763641761728298,9.651773130242578,4.115309343262265,7.43426496718,1.13878198286,4.92,2.8,5.6,15.94,0.583771162,0.37
2023-06-13,2023-06-30,Ouest,0,0,0.0115492561475982,294.7916684673814,2.7716007635592814,0.005211028161726661,0.10100372208436725,18.763641761728298,9.651773130242578,4.115309343262265,7.43426496718,1.13878198286,4.92,2.8,5.6,15.94,0.583771162,0.37
2023-07-09,2023-07-16,Ouest,0,0,0.0070410007376538,295.26084713582924,2.7716007635592814,0.005211028161726661,0.10100372208436725,18.763641761728298,9.651773130242578,4.115309343262265,7.43426496718,1.13878198286,4.92,2.8,5.6,15.94,0.583771162,0.37
2023-07-16,2023-07-30,Ouest,0,0,0.0087915819546639,295.3560794418785,2.7716007635592814,0.005211028161726661,0.10100372208436725,18.763641761728298,9.651773130242578,4.115309343262265,7.43426496718,1.13878198286,4.92,2.8,5.6,15.94,0.583771162,0.37
